<?xml version="1.0" encoding="ISO-8859-1"?>
<?xml-stylesheet href="style.css"?>
 <ldv>
	<tsmg>
		<sig>
			<eleve>
				<nom> Berisha </nom>
				<prenom>Bleon </prenom>
			</eleve>
			<eleve>
				<nom>  Hamoum </nom>
				<prenom> Yanis </prenom>
			</eleve>
			<eleve>
				<nom> BESSA</nom>
				<prenom>Oriane </prenom>
			</eleve>
			<eleve>
				<nom> ALLAMELLON</nom>
				<prenom>Demerick</prenom>
			</eleve>
			<eleve>
				<nom>M'BOUSSA </nom>
				<prenom>Louqman</prenom>
			</eleve>
			<eleve>
				<nom>BENDERRADJI</nom>
				<prenom>Inaya</prenom>
			</eleve>
			<eleve>
				<nom>BEN ABDELLAH</nom>
				<prenom>Manal</prenom>
			</eleve>
			<eleve>
				<nom>BEDDA</nom>
				<prenom>Meryem</prenom>
			</eleve>
			<eleve>
				<nom>EYELA OMAPONGO</nom>
				<prenom>Prodige</prenom>
			</eleve>
		</sig>
		<reste>
			<eleve>
				<nom>ATAS</nom>
				<prenom>Ayse</prenom>
			</eleve>
			<eleve>
				<nom>BAGHAZI</nom>
				<prenom>Wissal</prenom>
			</eleve>
			<eleve>
				<nom>BARBIER</nom>
				<prenom>Ray-Ann</prenom>
			</eleve>
			<eleve>
				<nom>BASSET</nom>
				<prenom>Nolan</prenom>
			</eleve>
			<eleve>
				<nom>BECHET</nom>
				<prenom>Raphael</prenom>
			</eleve>
			<eleve>
				<nom>BOUKHEDOUNI</nom>
				<prenom>Lyla</prenom>
			</eleve>
			<eleve>
				<nom>CETERAS</nom>
				<prenom>Carlos</prenom>
			</eleve>
			<eleve>
				<nom>DIABATE</nom>
				<prenom>Makan</prenom>
			</eleve>
			<eleve>
				<nom>DOLU</nom>
				<prenom>Cécile</prenom>
			</eleve>
			<eleve>
				<nom>GOUVEIA DOS SANTOS </nom>
				<prenom>Laura</prenom>
			</eleve>
			<eleve>
				<nom>GUENTOUH</nom>
				<prenom>Fatiha</prenom>
			</eleve>
			<eleve>
				<nom>GULRICH </nom>
				<prenom>Noemie</prenom>
			</eleve>
			<eleve>
				<nom>HAJ-RHOUMA</nom>
				<prenom>Imen</prenom>
			</eleve>
			<eleve>
				<nom>KHAPIZOVA</nom>
				<prenom>Tanzila</prenom>
			</eleve>
			<eleve>
				<nom>MARIGARD</nom>
				<prenom>Jahïna</prenom>
			</eleve>
			<eleve>
				<nom>MATTIOLI</nom>
				<prenom>Heloise</prenom>
			</eleve>
			<eleve>
				<nom>MBEMBA</nom>
				<prenom>Almet-Luc</prenom>
			</eleve>
			<eleve>
				<nom>NGANTSUI-OUABO</nom>
				<prenom>Candice</prenom>
			</eleve>
			<eleve>
				<nom>PARHAM</nom>
				<prenom>Esmaeili</prenom>
			</eleve>
			<eleve>
				<nom>SAKHO</nom>
				<prenom>Foulemata</prenom>
			</eleve>
			<eleve>
				<nom>SOUMBOUNOU</nom>
				<prenom>Houssenou</prenom>
			</eleve>
			<eleve>
				<nom>TAMBARA</nom>
				<prenom>Fodié</prenom>
			</eleve>
			<eleve>
				<nom>VYTHILINGUM</nom>
				<prenom>Marie</prenom>
			</eleve>
		</reste>
	</tsmg>
 </ldv>